Workbook

Sheet Planilha1
B1: Jan | C1: Fev | D1: Mar | E1: Abr | F1: Mai | G1: Jun | H1: Jul | I1: Ago | J1: Set | K1: Out | L1: Nov | M1: Dez | N1: Total
A2: RECEITAS | B2: =SUM(B3:B8) -> 230787.4 | C2: =SUM(C3:C8) -> 229705.77 | D2: =SUM(D3:D8) -> 227712.87 | E2: =SUM(E3:E8) -> 227593.86 | F2: =SUM(F3:F8) -> 164166.2 | G2: =SUM(G3:G8) -> 153732.48 | H2: =SUM(H3:H8) -> 152073.67 | I2: =SUM(I3:I8) -> 151776.67 | ... N2: =SUM(N3:N8) -> 1997895.4
A3: PAIDEIA | B3: =[1]previsão_fluxomensal!F27 -> 222947.07 | C3: =[1]previsão_fluxomensal!G27 -> 222947.07 | D3: =[1]previsão_fluxomensal!H27 -> 222947.07 | E3: =[1]previsão_fluxomensal!I27 -> 222947.07 | F3: =[1]previsão_fluxomensal!J27 -> 159797.07 | G3: =[1]previsão_fluxomensal!K27 -> 148645.67 | H3: =[1]previsão_fluxomensal!L27 -> 143645.67 | I3: =[1]previsão_fluxomensal!M27 -> 143645.67 | ... M3: =[1]previsão_fluxomensal!Q27 -> 91745.667 | N3: =SUM(B3:M3) -> 1919505
A4: Receita de venda do PAIDEIA (ESKOLARE) | N4: =SUM(B4:M4) -> 0
A5: Receita de venda do PAIDEIA fixo (Boletos) | N5: =SUM(B5:M5) -> 0
A6: Receita de venda do PAIDEIA complementar | N6: =SUM(B6:M6) -> 0
A7: Receita de vendas do OIKOS 2026 | B7: 7840.33 | C7: =6163.7+(119*5) -> 6758.7 | D7: =4170.8+(119*5) -> 4765.8 | E7: =4051.79+(119*5) -> 4646.79 | F7: =3774.13+(119*5) -> 4369.13 | G7: =4491.81+(119*5) -> 5086.81 | H7: =4033+(119*5) -> 4628 | I7: =3736+(119*5) -> 4331 | J7: =3379+(119*5) -> 3974 | K7: =1593+(119*5) -> 2188 | L7: =411.84+(119*5) -> 1006.84 | M7: =(1199/10)*50 -> 5995 | N7: =SUM(B7:M7) -> 55590.4
A8: Receita de vendas do BIBLOS 2026 (500 Biblos no segundo semestre) | H8: =(57*400)/6 -> 3800 | I8: =(57*400)/6 -> 3800 | J8: =(57*400)/6 -> 3800 | K8: =(57*400)/6 -> 3800 | L8: =(57*400)/6 -> 3800 | M8: =(57*400)/6 -> 3800 | N8: =SUM(B8:M8) -> 22800
A11: DESPESAS | B11: Jan | C11: Fev | D11: Mar | E11: Abr | F11: Mai | G11: Jun | H11: Jul | I11: Ago | J11: Set | K11: Out | L11: Nov | M11: Dez | N11: Total
B12: ='[1]Orçamento geral_2026_detalhado'!B2 -> 82466.717 | C12: ='[1]Orçamento geral_2026_detalhado'!C2 -> 202956.06 | D12: ='[1]Orçamento geral_2026_detalhado'!D2 -> 204123.35 | E12: ='[1]Orçamento geral_2026_detalhado'!E2 -> 206223.71 | F12: ='[1]Orçamento geral_2026_detalhado'!F2 -> 177140.59 | G12: ='[1]Orçamento geral_2026_detalhado'!G2 -> 208980.2 | H12: ='[1]Orçamento geral_2026_detalhado'!H2 -> 204466.13 | I12: ='[1]Orçamento geral_2026_detalhado'!I2 -> 175138.26 | ... M12: ='[1]Orçamento geral_2026_detalhado'!M2 -> 91595.07 | N12: =SUM(B12:M12) -> 1974624.2
A14: RESULTADO OPERACIONAL | B14: Jan | C14: Fev | D14: Mar | E14: Abr | F14: Mai | G14: Jun | H14: Jul | I14: Ago | J14: Set | K14: Out | L14: Nov | M14: Dez | N14: Res. anual
B15: =B2-B12 -> 148320.68 | C15: =C2-C12 -> 26749.702 | D15: =D2-D12 -> 23589.515 | E15: =E2-E12 -> 21370.152 | F15: =F2-F12 -> -12974.388 | G15: =G2-G12 -> -55247.72 | H15: =H2-H12 -> -52392.464 | I15: =I2-I12 -> -23361.594 | ... N15: =N2-N12 -> 23271.23
